{
    "timestamp": "20250410_000028",
    "preprocessing": "minmax",
    "training_time": 560.7575252056122,
    "train_losses": [
        4.924192117886205,
        1.085562534697082,
        1.0058228225136718,
        0.9746977684398805,
        0.9471494958581624,
        0.9209611588483988,
        0.8974511573718302,
        0.8864826118610465,
        0.8784861150541595,
        0.8322780385938893,
        0.7886104005527773,
        0.7710744244870837,
        0.7488914127302296,
        0.744421602461829,
        0.7514463916313707,
        0.7128526350642497,
        0.6962689830188031,
        0.7126057234440709,
        0.6825181662983673,
        0.6882342950756871
    ],
    "val_losses": [
        1.055143584354791,
        0.9606680956413439,
        0.9425855802547606,
        0.9047413906186306,
        0.8836879427672157,
        0.8622249608827338,
        0.8434134029085996,
        0.8418529954000085,
        0.830748777379864,
        0.7579992452170228,
        0.8385687679384496,
        0.739382349551026,
        0.841552072564157,
        0.9676345923147424,
        0.7136122432160885,
        0.6863646775997397,
        0.7009668539843419,
        0.7154690335224465,
        0.6678435098919584,
        0.6764197652100792
    ],
    "best_val_loss": 0.6678435098919584,
    "test_loss": 0.7412271726095205,
    "mse": 0.7412271499633789,
    "rmse": 0.8609454976729821,
    "mae": 0.6276736855506897,
    "r2": 0.5009384751319885,
    "model_path": "models/model_20250410_000028.pth",
    "config_path": "models/config_20250410_000028.json"
}