{
    "timestamp": "20250410_000033",
    "preprocessing": "log",
    "training_time": 549.842472076416,
    "train_losses": [
        5.455104060123972,
        1.073864387135481,
        1.002792490746183,
        0.9645953377815317,
        0.936912535793356,
        0.918804750469143,
        0.9115238766404749,
        0.8960983912656741,
        0.8927498336708797,
        0.8796818424258445,
        0.8658610182516714,
        0.8664958488345221,
        0.8556379740202973,
        0.8481089097805479,
        0.8472208414335411,
        0.8324754833949363,
        0.8326136332963274,
        0.8296172508663969,
        0.8256604208810479,
        0.8283558233588532
    ],
    "val_losses": [
        1.1008066192586372,
        1.0003258501988173,
        0.9770340497370549,
        0.9722419718720147,
        0.8944176660724203,
        0.8738688479320136,
        0.9466353206769794,
        0.8491792610592634,
        0.8455817835309223,
        0.8343774800121845,
        0.8605548863232196,
        0.8620039977684331,
        0.8797037905231194,
        0.8218436356494251,
        0.8293753041080911,
        0.8624527358356581,
        0.8216792759924312,
        0.8135363033235737,
        0.8367448886960231,
        0.8222844181572896
    ],
    "best_val_loss": 0.8135363033235737,
    "test_loss": 0.9309559303818019,
    "mse": 0.9309559464454651,
    "rmse": 0.9648605839422942,
    "mae": 0.7327897548675537,
    "r2": 0.3731957674026489,
    "model_path": "models/model_20250410_000033.pth",
    "config_path": "models/config_20250410_000033.json"
}